dp_id,dp_name,dp_ratings
dv_61000001,rohan rao,0.0
dv_61000002,diya malhotra,3.6
dv_61000003,krishna yadav,4.8
dv_61000004,nikhil jain,4.8
dv_61000005,ananya gupta,3.8
dv_61000006,krishna chopra,4.2
dv_61000007,aditi roy,3.1
dv_61000008,ishita nath,0.0
dv_61000009,aanya rao,4.4
dv_61000010,aryan nath,4.3
dv_61000011,diya singh,3.1
dv_61000012,krishna reddy,0.0
dv_61000013,rahul rao,3.4
dv_61000014,rahul bose,4.6
dv_61000015,siddharth chopra,4.9
dv_61000016,diya das,0.0
dv_61000017,vivaan chopra,4.2
dv_61000018,diya pillai,4.1
dv_61000019,tanvi jain,4.4
dv_61000020,lakshmi gupta,4.3
dv_61000021,rahul nair,3.9
dv_61000022,tanvi patel,4.3
dv_61000023,sneha reddy,4.8
dv_61000024,aanya nath,0.0
dv_61000025,ishita verma,4.5
dv_61000026,ishita kulkarni,3.9
dv_61000027,rohan gupta,3.7
dv_61000028,aryan mehta,3.5
dv_61000029,rahul yadav,0.0
dv_61000030,varun yadav,4.9
dv_61000031,rahul nath,4.9
dv_61000032,aditi roy,4.4
dv_61000033,krishna malhotra,0.0
dv_61000034,ishita kulkarni,3.7
dv_61000035,aarav sharma,3.2
dv_61000036,siddharth gupta,4.9
dv_61000037,aarav nair,4.2
dv_61000038,priya roy,3.4
dv_61000039,rohan nath,3.6
dv_61000040,priya gupta,0.0
dv_61000041,tanvi nath,3.1
dv_61000042,vivaan yadav,3.6
dv_61000043,priya singh,3.9
dv_61000044,nikhil singh,4.9
dv_61000045,sneha yadav,4.4
dv_61000046,kavya malhotra,3.1
dv_61000047,aryan kulkarni,3.4
dv_61000048,ishita nath,3.7
dv_61000049,siddharth bose,3.3
dv_61000050,aarav rao,4.0
dv_61000051,nikhil jain,3.5
dv_61000052,rohan patel,3.3
dv_61000053,ishita nath,3.4
dv_61000054,lakshmi yadav,0.0
dv_61000055,varun rao,4.9
dv_61000056,varun nath,4.4
dv_61000057,vivaan sharma,4.7
dv_61000058,aditi singh,4.2
dv_61000059,ishita roy,4.6
dv_61000060,vivaan kulkarni,4.7
dv_61000061,tanvi rao,4.7
dv_61000062,siddharth mehta,0.0
dv_61000063,aanya mehta,3.3
dv_61000064,rohan yadav,5.0
dv_61000065,krishna das,4.7
dv_61000066,ananya reddy,4.4
dv_61000067,vivaan malhotra,4.9
dv_61000068,aditi kulkarni,3.5
dv_61000069,aditi gupta,4.5
dv_61000070,siddharth pillai,4.7
dv_61000071,ananya rao,3.2
dv_61000072,priya chopra,4.5
dv_61000073,priya jain,4.1
dv_61000074,priya jain,0.0
dv_61000075,lakshmi yadav,4.2
dv_61000076,priya sharma,4.1
dv_61000077,tanvi iyer,4.8
dv_61000078,aanya nair,4.6
dv_61000079,diya roy,4.7
dv_61000080,varun reddy,4.3
dv_61000081,diya pillai,0.0
dv_61000082,aditya pillai,3.2
dv_61000083,rohan gupta,4.0
dv_61000084,siddharth nair,4.4
dv_61000085,krishna bose,3.6
dv_61000086,rohan bose,4.6
dv_61000087,krishna pillai,3.2
dv_61000088,priya yadav,0.0
dv_61000089,aditya roy,4.9
dv_61000090,lakshmi sharma,3.1
dv_61000091,diya yadav,4.4
dv_61000092,lakshmi reddy,4.5
dv_61000093,diya nair,3.7
dv_61000094,ananya iyer,3.0
dv_61000095,aanya nath,3.8
dv_61000096,ananya sharma,3.5
dv_61000097,sneha pillai,3.2
dv_61000098,varun singh,4.8
dv_61000099,nikhil yadav,3.1
dv_61000100,kavya rao,3.2
dv_61000101,priya verma,5.0
dv_61000102,aditya mehta,0.0
dv_61000103,nikhil singh,4.4
dv_61000104,aarav kulkarni,4.7
dv_61000105,kavya rao,4.3
dv_61000106,kavya bose,4.0
dv_61000107,siddharth malhotra,4.4
dv_61000108,aryan nair,3.9
dv_61000109,aarav rao,3.2
dv_61000110,tanvi iyer,4.8
dv_61000111,aditi rao,3.2
dv_61000112,ananya mehta,4.6
dv_61000113,vivaan kulkarni,4.2
dv_61000114,varun nair,4.0
dv_61000115,aarav nair,4.1
dv_61000116,krishna chopra,3.4
dv_61000117,rahul nath,3.5
dv_61000118,nikhil reddy,4.6
dv_61000119,ananya nair,4.9
dv_61000120,aarav mehta,4.7
dv_61000121,rahul mehta,4.8
dv_61000122,aditi rao,4.7
dv_61000123,aditya chopra,3.5
dv_61000124,nikhil reddy,4.5
dv_61000125,sneha singh,3.7
dv_61000126,diya pillai,3.6
dv_61000127,aryan gupta,4.8
dv_61000128,sneha sharma,4.9
dv_61000129,aanya reddy,0.0
dv_61000130,aarav kulkarni,3.0
dv_61000131,priya roy,3.7
dv_61000132,aditya gupta,4.8
dv_61000133,diya kulkarni,4.5
dv_61000134,aditi yadav,3.2
dv_61000135,aryan reddy,3.3
dv_61000136,priya iyer,3.2
dv_61000137,rohan nair,3.4
dv_61000138,lakshmi nath,3.6
dv_61000139,vivaan patel,3.1
dv_61000140,aditya pillai,3.7
dv_61000141,aryan pillai,3.5
dv_61000142,ananya jain,4.1
dv_61000143,rahul verma,4.4
dv_61000144,aanya das,4.6
dv_61000145,aanya patel,0.0
dv_61000146,ishita iyer,4.2
dv_61000147,nikhil reddy,4.5
dv_61000148,aditi nair,3.3
dv_61000149,vivaan yadav,4.9
dv_61000150,aditi gupta,3.6
dv_61000151,krishna malhotra,4.1
dv_61000152,kavya sharma,4.8
dv_61000153,aditya iyer,3.8
dv_61000154,sneha reddy,3.3
dv_61000155,priya yadav,3.6
dv_61000156,aanya roy,3.4
dv_61000157,varun chopra,3.8
dv_61000158,lakshmi patel,4.3
dv_61000159,nikhil sharma,4.6
dv_61000160,ananya patel,5.0
dv_61000161,krishna chopra,3.2
dv_61000162,vivaan patel,3.0
dv_61000163,rahul singh,0.0
dv_61000164,vivaan jain,4.8
dv_61000165,krishna malhotra,4.1
dv_61000166,lakshmi jain,4.5
dv_61000167,siddharth gupta,3.5
dv_61000168,aditi reddy,3.5
dv_61000169,aanya kulkarni,0.0
dv_61000170,aanya singh,4.5
dv_61000171,lakshmi rao,3.4
dv_61000172,lakshmi bose,4.9
dv_61000173,diya das,4.0
dv_61000174,priya mehta,5.0
dv_61000175,sneha jain,4.9
dv_61000176,aryan das,3.4
dv_61000177,aanya mehta,4.6
dv_61000178,vivaan kulkarni,3.6
dv_61000179,lakshmi das,4.6
dv_61000180,aditi reddy,3.7
dv_61000181,diya kulkarni,3.2
dv_61000182,kavya malhotra,3.2
dv_61000183,nikhil chopra,3.7
dv_61000184,varun reddy,0.0
dv_61000185,tanvi sharma,4.2
dv_61000186,rahul patel,3.5
dv_61000187,vivaan kulkarni,4.2
dv_61000188,ananya verma,3.5
dv_61000189,siddharth rao,3.6
dv_61000190,krishna nath,4.5
dv_61000191,priya singh,3.2
dv_61000192,aryan roy,4.2
dv_61000193,aarav iyer,4.8
dv_61000194,ananya nath,3.8
dv_61000195,aditya roy,3.8
dv_61000196,rohan das,4.2
dv_61000197,diya patel,0.0
dv_61000198,aryan pillai,4.8
dv_61000199,lakshmi singh,4.1
dv_61000200,vivaan nair,3.3
dv_61000201,siddharth chopra,4.1
dv_61000202,diya kulkarni,3.8
dv_61000203,tanvi roy,3.3
dv_61000204,aditya singh,3.6
dv_61000205,tanvi malhotra,4.2
dv_61000206,kavya verma,4.7
dv_61000207,kavya pillai,4.6
dv_61000208,varun patel,4.2
dv_61000209,aarav singh,4.6
dv_61000210,varun roy,4.2
dv_61000211,rahul malhotra,4.7
dv_61000212,aditi chopra,4.2
dv_61000213,varun yadav,4.6
dv_61000214,ananya rao,4.2
dv_61000215,nikhil chopra,3.2
dv_61000216,tanvi bose,5.0
dv_61000217,tanvi sharma,3.6
dv_61000218,rohan sharma,4.3
dv_61000219,aarav nair,4.2
dv_61000220,priya jain,4.3
dv_61000221,aryan gupta,3.9
dv_61000222,diya mehta,3.5
dv_61000223,aditi nair,4.3
dv_61000224,ananya patel,4.5
dv_61000225,aditi malhotra,3.9
dv_61000226,ishita pillai,3.9
dv_61000227,aditya iyer,3.4
dv_61000228,priya yadav,3.5
dv_61000229,sneha gupta,4.9
dv_61000230,tanvi roy,3.9
dv_61000231,aanya chopra,3.8
dv_61000232,aditi mehta,4.1
dv_61000233,aditya das,3.6
dv_61000234,kavya chopra,5.0
dv_61000235,priya verma,4.3
dv_61000236,rahul kulkarni,3.5
dv_61000237,ishita jain,3.7
dv_61000238,diya chopra,3.9
dv_61000239,krishna malhotra,3.3
dv_61000240,vivaan gupta,4.5
dv_61000241,aditi yadav,4.8
dv_61000242,sneha roy,4.0
dv_61000243,aditi kulkarni,3.2
dv_61000244,aditi kulkarni,4.5
dv_61000245,tanvi kulkarni,4.2
dv_61000246,aryan patel,3.8
dv_61000247,krishna pillai,3.9
dv_61000248,varun bose,4.0
dv_61000249,ananya patel,3.7
dv_61000250,priya malhotra,4.0
dv_61000251,rohan yadav,4.4
dv_61000252,rohan iyer,4.4
dv_61000253,tanvi rao,4.3
dv_61000254,nikhil gupta,4.2
dv_61000255,diya singh,4.2
dv_61000256,diya mehta,4.4
dv_61000257,rohan pillai,4.2
dv_61000258,priya rao,3.4
dv_61000259,tanvi pillai,3.2
dv_61000260,aditya bose,3.3
dv_61000261,siddharth reddy,3.0
dv_61000262,aditi nath,4.9
dv_61000263,ananya mehta,3.8
dv_61000264,ananya sharma,3.3
dv_61000265,siddharth pillai,3.0
dv_61000266,nikhil jain,3.1
dv_61000267,aditi gupta,4.6
dv_61000268,rohan pillai,4.7
dv_61000269,diya chopra,3.5
dv_61000270,aditya pillai,4.3
dv_61000271,rohan rao,3.5
dv_61000272,aarav chopra,4.4
dv_61000273,krishna roy,4.9
dv_61000274,priya kulkarni,4.2
dv_61000275,aryan jain,3.6
dv_61000276,aanya malhotra,5.0
dv_61000277,kavya nath,3.8
dv_61000278,nikhil nath,3.8
dv_61000279,aditya jain,4.8
dv_61000280,priya chopra,4.9
dv_61000281,kavya das,3.6
dv_61000282,siddharth chopra,3.1
dv_61000283,aarav kulkarni,4.6
dv_61000284,diya malhotra,4.3
dv_61000285,lakshmi reddy,4.0
dv_61000286,kavya nair,4.2
dv_61000287,diya iyer,4.8
dv_61000288,siddharth chopra,4.1
dv_61000289,aditi chopra,3.4
dv_61000290,krishna rao,3.9
dv_61000291,ananya nath,3.8
dv_61000292,aditya singh,3.5
dv_61000293,kavya iyer,4.9
dv_61000294,aditi chopra,4.0
dv_61000295,lakshmi verma,3.2
dv_61000296,aanya roy,4.8
dv_61000297,tanvi reddy,3.5
dv_61000298,diya nair,3.0
dv_61000299,aarav iyer,3.5
dv_61000300,kavya rao,3.7
