sup_id,sup_name
sup_001,global ecom supplies
sup_002,primelogix traders
sup_003,digicart distributors
sup_004,urbanmarket co.
sup_005,ezyshop solutions
sup_006,quickpick wholesalers
sup_007,nextwave merchants
sup_008,trendify traders
sup_009,shopease suppliers
sup_010,smartkart wholesale
sup_011,omnisupply network
sup_012,ecomedge retail
sup_013,swiftdeal suppliers
sup_014,clickmart partners
sup_015,directcart distributors
sup_016,pack&go logistics
sup_017,fastlane wholesale
sup_018,instaretail hub
sup_019,urbancart traders
sup_020,elite ecom ventures
sup_021,smartshop network
sup_022,zoomkart distributors
sup_023,globalreach traders
sup_024,trendmart inc.
sup_025,quickbasket co.
sup_026,ecomgenix suppliers
sup_027,cartcraze ventures
sup_028,buynow direct
sup_029,nextgen wholesalers
sup_030,metroshop suppliers
