Sup_id,Sup_name
SUP_001,Global Ecom Supplies
SUP_002,PrimeLogix Traders
SUP_003,DigiCart Distributors
SUP_004,UrbanMarket Co.
SUP_005,EzyShop Solutions
SUP_006,QuickPick Wholesalers
SUP_007,NextWave Merchants
SUP_008,Trendify Traders
SUP_009,ShopEase Suppliers
SUP_010,SmartKart Wholesale
SUP_011,OmniSupply Network
SUP_012,EcomEdge Retail
SUP_013,SwiftDeal Suppliers
SUP_014,ClickMart Partners
SUP_015,DirectCart Distributors
SUP_016,Pack&Go Logistics
SUP_017,FastLane Wholesale
SUP_018,InstaRetail Hub
SUP_019,UrbanCart Traders
SUP_020,Elite Ecom Ventures
SUP_021,SmartShop Network
SUP_022,ZoomKart Distributors
SUP_023,GlobalReach Traders
SUP_024,TrendMart Inc.
SUP_025,QuickBasket Co.
SUP_026,EcomGenix Suppliers
SUP_027,CartCraze Ventures
SUP_028,BuyNow Direct
SUP_029,NextGen Wholesalers
SUP_030,MetroShop Suppliers
